Wake,250
Wake,250
Wake,250
Wake,250
Wake,250
Wake,250
Wake,250
Wake,250
Wake,250
Wake,250
Wake,250
Wake,250
Wake,250
Wake,250
Wake,250
Wake,250
Wake,250
Wake,250
Wake,250
Wake,250
Wake,250
Wake,250
Wake,250
Wake,250
Wake,250
Wake,250
Wake,250
Wake,250
Wake,250
Wake,250
Wake,250
Wake,250
Wake,250
Wake,250
Wake,250
Wake,250
Wake,250
Wake,250
Wake,250
Wake,250
Wake,250
Wake,250
Wake,250
Wake,250
Wake,250
Wake,250
Wake,250
Wake,250
Wake,250
Wake,250
Wake,250
Wake,250
Wake,250
Wake,250
Wake,250
Wake,250
Wake,250
Wake,250
Wake,250
Wake,250
Wake,250
Wake,250
Wake,250
Wake,250
Wake,250
Wake,250
Wake,250
Wake,250
Wake,250
Wake,250
Wake,250
Wake,250
Wake,250
Wake,250
Wake,250
Wake,250
Wake,250
Wake,250
Wake,250
Wake,250
Wake,250
Wake,250
Wake,250
Wake,250
Wake,250
Wake,250
Wake,250
Wake,250
Wake,250
Wake,250
Wake,250
Wake,250
Wake,250
Wake,250
Wake,250
Wake,250
Wake,250
Wake,250
Wake,250
Wake,250
Wake,250
Wake,250
Wake,250
Wake,250
Wake,250
Wake,250
Wake,250
Wake,250
Wake,250
Wake,250
Wake,250
Wake,250
Wake,250
Wake,250
Wake,250
Wake,250
Wake,250
Wake,250
Wake,250
Wake,250
Wake,250
Wake,250
Wake,250
Wake,250
Wake,250
Wake,250
Wake,250
Wake,250
Wake,250
Wake,250
Wake,250
Wake,250
Wake,250
Wake,250
Wake,250
Wake,250
Wake,250
Wake,250
Wake,250
Wake,250
Wake,250
Wake,250
Wake,250
Wake,250
Wake,250
Wake,250
Wake,250
Wake,250
Wake,250
Wake,250
Wake,250
Wake,250
Wake,250
Wake,250
Wake,250
Wake,250
Wake,250
Wake,250
Wake,250
Wake,250
Wake,250
Wake,250
Wake,250
Wake,250
Wake,250
Wake,250
Wake,250
Wake,250
Wake,250
Wake,250
Wake,250
Wake,250
Wake,250
Wake,250
Wake,250
Wake,250
Wake,250
Wake,250
Wake,250
Wake,250
Wake,250
Wake,250
Wake,250
Wake,250
Wake,250
Wake,250
Wake,250
Wake,250
Wake,250
Wake,250
Wake,250
Wake,250
Wake,250
Wake,250
Wake,250
Wake,250
Wake,250
Wake,250
Wake,250
Wake,250
Wake,250
Wake,250
Wake,250
Wake,250
Wake,250
Wake,250
Wake,250
Wake,250
Wake,250
Wake,250
Wake,250
Wake,250
Wake,250
Wake,250
Wake,250
Wake,250
Wake,250
Wake,250
Wake,250
Wake,250
Wake,250
Wake,250
Wake,250
Wake,250
Wake,250
Wake,250
Wake,250
Wake,250
Wake,250
Wake,250
Wake,250
Wake,250
Wake,250
Wake,250
Wake,250
Wake,250
Wake,250
Wake,250
Wake,250
Wake,250
Wake,250
Wake,250
Wake,250
Wake,250
Wake,250
Wake,250
Wake,250
Wake,250
Wake,250
Wake,250
Wake,250
Wake,250
Wake,250
Wake,250
Wake,250
Wake,250
Wake,250
Wake,250
Wake,250
Wake,250
Wake,250
Wake,250
Wake,250
Wake,250
Wake,250
Wake,250
Wake,250
Wake,250
Wake,250
Wake,250
Wake,250
Wake,250
Wake,250
Wake,250
Wake,250
Wake,250
Wake,250
Wake,250
Wake,250
Wake,250
Wake,250
Wake,250
Wake,250
Wake,250
Wake,250
Wake,250
Wake,250
Wake,250
Wake,250
Wake,250
Wake,250
Wake,250
Wake,250
Wake,250
Wake,250
Wake,250
Wake,250
Wake,250
Wake,250
Wake,250
Wake,250
Wake,250
Wake,250
Wake,250
Wake,250
Wake,250
Wake,250
Wake,250
Wake,250
Wake,250
Wake,250
Wake,250
Wake,250
Wake,250
Wake,250
Wake,250
Wake,250
Wake,250
Wake,250
Wake,250
Wake,250
Wake,250
Wake,250
Wake,250
Wake,250
Wake,250
Wake,250
Wake,250
Wake,250
Wake,250
Wake,250
Wake,250
Wake,250
Wake,250
Wake,250
Wake,250
Wake,250
Wake,250
Wake,250
Wake,250
Wake,250
Wake,250
Wake,250
Wake,250
Wake,250
Wake,250
Wake,250
Wake,250
Wake,250
Wake,250
Wake,250
Wake,250
Wake,250
Wake,250
Wake,250
Wake,250
Wake,250
Wake,250
Wake,250
Wake,250
Wake,250
Wake,250
Wake,250
Wake,250
Wake,250
Wake,250
Wake,250
Wake,250
Wake,250
Wake,250
Wake,250
Wake,250
Wake,250
Wake,250
Wake,250
Wake,250
Wake,250
Wake,250
Wake,250
Wake,250
Wake,250
Wake,250
Wake,250
Wake,250
Wake,250
Wake,250
Wake,250
Wake,250
Wake,250
Wake,250
Wake,250
Wake,250
Wake,250
Wake,250
Wake,250
Wake,250
Wake,250
Wake,250
Wake,250
Wake,250
Wake,250
Wake,250
Wake,250
Wake,250
Wake,250
Wake,250
Wake,250
Wake,250
Wake,250
Wake,250
Wake,250
Wake,250
Wake,250
Wake,250
Wake,250
Wake,250
Wake,250
Wake,250
Wake,250
Wake,250
Wake,250
Wake,250
Wake,250
Wake,250
Wake,250
Wake,250
Wake,250
Wake,250
Wake,250
Wake,250
Wake,250
Wake,250
Wake,250
Wake,250
Wake,250
Wake,250
Wake,250
Wake,250
Wake,250
Wake,250
Wake,250
Wake,250
Wake,250
Wake,250
Wake,250
Wake,250
Wake,250
Wake,250
Wake,250
Wake,250
Wake,250
Wake,250
Wake,250
Wake,250
Wake,250
Wake,250
Wake,250
Wake,250
Wake,250
Wake,250
Wake,250
Wake,250
Wake,250
Wake,250
Wake,250
Wake,250
Wake,250
Wake,250
Wake,250
Wake,250
Wake,250
Wake,250
Wake,250
Wake,250
Wake,250
Wake,250
Wake,250
Wake,250
Wake,250
Wake,250
Wake,250
Wake,250
Wake,250
Wake,250
Wake,250
Wake,250
Wake,250
Wake,250
Wake,250
Wake,250
Wake,250
Wake,250
Wake,250
Wake,250
Wake,250
Wake,250
Wake,250
Wake,250
Wake,250
Wake,250
Wake,250
Wake,250
Wake,250
Wake,250
Wake,250
Wake,250
Wake,250
Wake,250
Wake,250
Wake,250
Wake,250
Wake,250
Wake,250
Wake,250
Wake,250
Wake,250
Wake,250
Wake,250
Wake,250
Wake,250
Wake,250
Wake,250
Wake,250
Wake,250
Wake,250
Wake,250
Wake,250
Wake,250
Wake,250
Wake,250
Wake,250
Wake,250
Wake,250
Wake,250
Wake,250
Wake,250
Wake,250
Wake,250
Wake,250
Wake,250
Wake,250
Wake,250
Wake,250
Wake,250
Wake,250
Wake,250
Wake,250
Wake,250
Wake,250
Wake,250
Wake,250
Wake,250
Wake,250
Wake,250
Wake,250
Wake,250
Wake,250
Wake,250
Wake,250
Wake,250
Wake,250
Wake,250
Wake,250
Wake,250
Wake,250
Wake,250
Wake,250
Wake,250
Wake,250
Wake,250
Wake,250
Wake,250
Wake,250
Wake,250
Wake,250
Wake,250
Wake,250
Wake,250
Wake,250
Wake,250
Wake,250
Wake,250
Wake,250
Wake,250
Wake,250
Wake,250
Wake,250
Wake,250
Wake,250
Wake,250
Wake,250
Wake,250
Wake,250
Wake,250
Wake,250
Wake,250
Wake,250
Wake,250
Wake,250
Wake,250
Wake,250
Wake,250
Wake,250
Wake,250
Wake,250
Wake,250
Wake,250
Wake,250
Wake,250
Wake,250
Wake,250
Wake,250
Wake,250
Wake,250
Wake,250
Wake,250
Wake,250
Wake,250
Wake,250
Wake,250
Wake,250
Wake,250
Wake,250
Wake,250
Wake,250
Wake,250
Wake,250
Wake,250
Wake,250
Wake,250
Wake,250
Wake,250
Wake,250
Wake,250
Wake,250
Wake,250
Wake,250
Wake,250
Wake,250
Wake,250
Wake,250
Wake,250
Wake,250
Wake,250
Wake,250
Wake,250
Wake,250
Wake,250
Wake,250
Wake,250
Wake,250
Wake,250
Wake,250
Wake,250
Wake,250
Wake,250
Wake,250
Wake,250
Wake,250
Wake,250
Wake,250
Wake,250
Wake,250
Wake,250
Wake,250
Wake,250
Wake,250
Wake,250
Wake,250
Wake,250
Wake,250
Wake,250
Wake,250
Wake,250
Wake,250
Wake,250
Wake,250
Wake,250
Wake,250
Wake,250
Wake,250
Wake,250
Wake,250
Wake,250
Wake,250
Wake,250
Wake,250
Wake,250
Wake,250
Wake,250
Wake,250
Wake,250
Wake,250
Wake,250
Wake,250
Wake,250
Wake,250
Wake,250
Wake,250
Wake,250
Wake,250
Wake,250
Wake,250
Wake,250
Wake,250
Wake,250
Wake,250
Wake,250
Wake,250
Wake,250
Wake,250
Wake,250
Wake,250
Wake,250
Wake,250
Wake,250
Wake,250
Wake,250
Wake,250
Wake,250
Wake,250
Wake,250
Wake,250
Wake,250
Wake,250
Wake,250
Wake,250
Wake,250
Wake,250
Wake,250
Wake,250
Wake,250
Wake,250
Wake,250
Wake,250
Wake,250
Wake,250
Wake,250
Wake,250
Wake,250
Wake,250
Wake,250
Wake,250
Wake,250
Wake,250
Wake,250
Wake,250
Wake,250
Wake,250
Wake,250
Sleep,0
Sleep,0
Sleep,0
Sleep,0
Sleep,0
Sleep,0
Sleep,0
Sleep,0
Sleep,0
Sleep,0
Sleep,0
Sleep,0
Sleep,0
Sleep,0
Sleep,0
Sleep,0
Sleep,0
Sleep,0
Sleep,0
Sleep,0
Sleep,0
Sleep,0
Sleep,0
Sleep,0
Sleep,0
Sleep,0
Sleep,0
Sleep,0
Sleep,0
Sleep,0
Sleep,0
Sleep,0
Sleep,0
Sleep,0
Sleep,0
Sleep,0
Sleep,0
Sleep,0
Sleep,0
Sleep,0
Sleep,0
Sleep,0
Sleep,0
Sleep,0
Sleep,0
Sleep,0
Sleep,0
Sleep,0
Sleep,0
Sleep,0
Sleep,0
Sleep,0
Sleep,0
Sleep,0
Sleep,0
Sleep,0
Sleep,0
Sleep,0
Sleep,0
Sleep,0
Sleep,0
Sleep,0
Sleep,0
Sleep,0
Sleep,0
Sleep,0
Sleep,0
Sleep,0
Sleep,0
Sleep,0
Sleep,0
Sleep,0
Sleep,0
Sleep,0
Sleep,0
Sleep,0
Sleep,0
Sleep,0
Sleep,0
Sleep,0
Sleep,0
Sleep,0
Sleep,0
Sleep,0
Sleep,0
Sleep,0
Sleep,0
Sleep,0
Sleep,0
Sleep,0
Sleep,0
Sleep,0
Sleep,0
Sleep,0
Sleep,0
Sleep,0
Sleep,0
Sleep,0
Sleep,0
Sleep,0
Sleep,0
Sleep,0
Sleep,0
Sleep,0
Sleep,0
Sleep,0
Sleep,0
Sleep,0
Sleep,0
Sleep,0
Sleep,0
Sleep,0
Sleep,0
Sleep,0
Sleep,0
Sleep,0
Sleep,0
Sleep,0
Sleep,0
Sleep,0
Sleep,0
Sleep,0
Sleep,0
Sleep,0
Sleep,0
Sleep,0
Sleep,0
Sleep,0
Sleep,0
Sleep,0
Sleep,0
Sleep,0
Sleep,0
Sleep,0
Sleep,0
Sleep,0
Sleep,0
Sleep,0
Sleep,0
Sleep,0
Sleep,0
Sleep,0
Sleep,0
Sleep,0
Sleep,0
Sleep,0
Sleep,0
Sleep,0
Sleep,0
Sleep,0
Sleep,0
Sleep,0
Sleep,0
Sleep,0
Sleep,0
Sleep,0
Sleep,0
Sleep,0
Sleep,0
Sleep,0
Sleep,0
Sleep,0
Sleep,0
Sleep,0
Sleep,0
Sleep,0
Sleep,0
Sleep,0
Sleep,0
Sleep,0
Sleep,0
Sleep,0
Sleep,0
Sleep,0
Sleep,0
Sleep,0
Sleep,0
Sleep,0
Sleep,0
Sleep,0
Sleep,0
Wake,250
Wake,250
Wake,250
Wake,250
Wake,250
Wake,250
Wake,250
Wake,250
Wake,250
Wake,250
Wake,250
Wake,250
Wake,250
Wake,250
Wake,250
Wake,250
Wake,250
Wake,250
Wake,250
Wake,250
Wake,250
Wake,250
Wake,250
Wake,250
Wake,250
Wake,250
Wake,250
Wake,250
Wake,250
Wake,250
Wake,250
Wake,250
Wake,250
Wake,250
Wake,250
Wake,250
Wake,250
Wake,250
Wake,250
Wake,250
Wake,250
Wake,250
Wake,250
Wake,250
Wake,250
Wake,250
Wake,250
Wake,250
Wake,250
Wake,250
Wake,250
Wake,250
Wake,250
Wake,250
Wake,250
Wake,250
Wake,250
Wake,250
Wake,250
Wake,250
Wake,250
Wake,250
Wake,250
Wake,250
Wake,250
Wake,250
Wake,250
Wake,250
Wake,250
Wake,250
Wake,250
Wake,250
Wake,250
Wake,250
Wake,250
Wake,250
Wake,250
Wake,250
Wake,250
Wake,250
Wake,250
Wake,250
Wake,250
Wake,250
Wake,250
Wake,250
Wake,250
Wake,250
Wake,250
Wake,250
Wake,250
Wake,250
Wake,250
Wake,250
Wake,250
Wake,250
Wake,250
Wake,250
Wake,250
Wake,250
Wake,250
Wake,250
Wake,250
Wake,250
Wake,250
Wake,250
Wake,250
Wake,250
Wake,250
Wake,250
Wake,250
Wake,250
Wake,250
Wake,250
Wake,250
Wake,250
Wake,250
Wake,250
Wake,250
Wake,250
Wake,250
Wake,250
Wake,250
Wake,250
Wake,250
Wake,250
Wake,250
Wake,250
Wake,250
Wake,250
Wake,250
Wake,250
Wake,250
Wake,250
Wake,250
Wake,250
Wake,250
Wake,250
Wake,250
Wake,250
Wake,250
Wake,250
Wake,250
Wake,250
Wake,250
Wake,250
Wake,250
Wake,250
Wake,250
Sleep,0
Sleep,0
Sleep,0
Sleep,0
Sleep,0
Sleep,0
Sleep,0
Sleep,0
Sleep,0
Sleep,0
Sleep,0
Sleep,0
Sleep,0
Sleep,0
Sleep,0
Sleep,0
Sleep,0
Sleep,0
Sleep,0
Sleep,0
Sleep,0
Sleep,0
Sleep,0
Sleep,0
Sleep,0
Sleep,0
Sleep,0
Sleep,0
Sleep,0
Sleep,0
Sleep,0
Wake,250
Wake,250
Wake,250
Wake,250
Wake,250
Wake,250
Wake,250
Wake,250
Wake,250
Wake,250
Wake,250
Wake,250
Wake,250
Wake,250
Wake,250
Wake,250
Wake,250
Wake,250
Wake,250
Wake,250
Wake,250
Wake,250
Wake,250
Wake,250
Wake,250
Wake,250
Wake,250
Wake,250
Wake,250
Wake,250
Wake,250
Wake,250
Wake,250
Wake,250
Wake,250
Wake,250
Wake,250
Wake,250
Wake,250
Wake,250
Wake,250
Wake,250
Wake,250
Wake,250
Wake,250
Wake,250
Wake,250
Wake,250
Wake,250
Wake,250
Wake,250
Wake,250
Wake,250
Wake,250
Wake,250
Wake,250
Wake,250
Wake,250
Wake,250
Wake,250
Wake,250
Wake,250
Wake,250
Wake,250
Wake,250
Wake,250
Wake,250
Wake,250
Wake,250
Wake,250
Wake,250
Wake,250
Wake,250
Wake,250
Wake,250
Wake,250
Wake,250
Wake,250
Wake,250
Wake,250
Wake,250
Wake,250
Wake,250
Wake,250
Wake,250
Wake,250
Wake,250
Wake,250
Wake,250
Wake,250
Wake,250
Wake,250
Wake,250
Wake,250
Wake,250
Wake,250
Wake,250
Wake,250
Wake,250
Wake,250
Wake,250
Wake,250
Wake,250
Wake,250
Wake,250
Wake,250
Wake,250
Wake,250
Wake,250
Wake,250
Wake,250
Wake,250
Wake,250
Wake,250
Wake,250
Wake,250
Wake,250
Wake,250
Wake,250
Wake,250
Wake,250
Wake,250
Wake,250
Wake,250
Wake,250
Wake,250
Wake,250
Wake,250
Wake,250
Wake,250
Wake,250
Wake,250
Wake,250
Wake,250
Wake,250
Wake,250
Wake,250
Wake,250
Wake,250
Wake,250
Wake,250
Wake,250
Wake,250
Wake,250
Wake,250
Wake,250
Wake,250
Wake,250
Wake,250
Wake,250
Wake,250
Wake,250
Wake,250
Wake,250
Wake,250
Wake,250
Wake,250
Wake,250
Wake,250
Wake,250
Wake,250
Wake,250
Wake,250
Wake,250
Wake,250
Wake,250
Wake,250
Wake,250
Wake,250
Wake,250
Wake,250
Wake,250
Wake,250
Wake,250
Wake,250
Wake,250
Wake,250
Wake,250
Wake,250
Wake,250
Wake,250
Wake,250
Wake,250
Wake,250
Wake,250
Wake,250
Wake,250
Wake,250
Wake,250
Wake,250
Wake,250
Wake,250
Wake,250
Wake,250
Wake,250
Wake,250
Wake,250
Wake,250
Wake,250
Wake,250
Wake,250
Wake,250
Wake,250
Wake,250
Wake,250
Wake,250
Wake,250
Wake,250
Wake,250
Wake,250
Wake,250
Wake,250
Wake,250
Wake,250
Wake,250
Wake,250
Wake,250
Wake,250
Wake,250
Wake,250
Wake,250
Wake,250
Wake,250
Wake,250
Wake,250
Wake,250
Wake,250
Wake,250
Wake,250
Wake,250
Wake,250
Wake,250
Wake,250
Wake,250
Wake,250
Wake,250
Wake,250
Wake,250
Wake,250
Wake,250
Wake,250
Wake,250
Wake,250
Wake,250
Wake,250
Wake,250
Wake,250
Wake,250
Wake,250
Wake,250
Wake,250
Wake,250
Wake,250
Wake,250
Wake,250
Wake,250
Wake,250
Wake,250
Wake,250
Wake,250
Wake,250
Wake,250
Wake,250
Wake,250
Wake,250
Wake,250
Wake,250
Wake,250
Wake,250
Wake,250
Wake,250
Wake,250
Wake,250
Wake,250
Wake,250
Wake,250
Wake,250
Wake,250
Wake,250
Wake,250
Wake,250
Wake,250
Wake,250
Wake,250
Wake,250
Wake,250
Wake,250
Wake,250
Wake,250
Wake,250
Wake,250
Wake,250
Wake,250
Wake,250
Wake,250
Wake,250
Wake,250
Wake,250
Wake,250
Wake,250
Wake,250
Wake,250
Wake,250
Wake,250
Wake,250
Wake,250
Wake,250
Wake,250
Wake,250
Wake,250
Wake,250
Wake,250
Wake,250
Wake,250
Wake,250
Wake,250
Wake,250
Wake,250
Wake,250
Wake,250
Wake,250
Wake,250
Wake,250
Wake,250
Wake,250
Wake,250
Wake,250
Wake,250
Wake,250
Wake,250
Wake,250
Wake,250
Wake,250
Wake,250
Wake,250
Wake,250
Wake,250
Wake,250
Wake,250
Wake,250
Wake,250
Wake,250
Wake,250
Wake,250
Wake,250
Wake,250
Wake,250
Wake,250
Wake,250
Wake,250
Wake,250
Wake,250
Wake,250
Wake,250
Wake,250
Wake,250
Wake,250
Wake,250
Wake,250
Wake,250
Wake,250
Wake,250
Wake,250
Wake,250
Wake,250
Wake,250
Wake,250
Wake,250
Wake,250
Wake,250
Wake,250
Wake,250
Wake,250
Wake,250
Wake,250
Wake,250
Wake,250
Wake,250
Wake,250
Wake,250
Wake,250
Wake,250
Wake,250
Wake,250
Wake,250
Wake,250
Wake,250
Wake,250
Wake,250
Wake,250
Wake,250
Wake,250
Wake,250
Wake,250
Wake,250
Wake,250
Wake,250
Wake,250
Wake,250
Wake,250
Wake,250
Wake,250
Wake,250
Wake,250
Wake,250
Wake,250
Wake,250
Wake,250
Wake,250
Wake,250
Wake,250
Wake,250
Wake,250
Wake,250
Wake,250
Wake,250
Wake,250
Wake,250
Wake,250
Wake,250
Wake,250
Wake,250
Wake,250
Wake,250
Wake,250
Wake,250
Wake,250
Wake,250
Wake,250
Wake,250
Wake,250
Wake,250
Wake,250
Wake,250
Wake,250
Wake,250
Wake,250
Wake,250
Wake,250
Wake,250
Wake,250
Wake,250
Wake,250
Wake,250
Wake,250
Wake,250
Wake,250
Wake,250
Wake,250
Wake,250
Wake,250
Wake,250
Wake,250
Wake,250
Wake,250
Wake,250
Wake,250
Wake,250
Wake,250
Wake,250
Wake,250
Wake,250
Wake,250
Wake,250
Wake,250
Wake,250
Wake,250
Wake,250
Wake,250
Wake,250
Wake,250
Wake,250
Wake,250
Wake,250
Wake,250
Wake,250
Wake,250
Wake,250
Wake,250
Wake,250
Wake,250
Wake,250
Wake,250
Wake,250
Wake,250
Wake,250
Wake,250
Wake,250
Wake,250
Wake,250
Wake,250
Wake,250
Wake,250
Wake,250
Wake,250
Wake,250
Wake,250
Wake,250
Wake,250
Wake,250
Wake,250
Wake,250
Wake,250
Wake,250
Wake,250
Wake,250
Wake,250
Wake,250
Wake,250
Wake,250
Wake,250
Wake,250
Wake,250
Wake,250
Wake,250
Wake,250
Wake,250
Wake,250
Wake,250
Wake,250
Wake,250
Wake,250
Wake,250
Wake,250
Wake,250
Wake,250
Wake,250
Wake,250
Wake,250
Wake,250
Wake,250
Wake,250
Wake,250
Wake,250
Wake,250
Wake,250
Wake,250
Wake,250
Wake,250
Wake,250
Wake,250
Wake,250
Wake,250
Wake,250
Wake,250
Wake,250
Wake,250
Wake,250
Wake,250
Wake,250
Wake,250
Wake,250
Wake,250
Wake,250
Wake,250
Wake,250
Wake,250
Wake,250
Wake,250
Wake,250
Wake,250
Wake,250
Wake,250
Wake,250
Wake,250
Wake,250
Wake,250
Wake,250
Wake,250
Sleep,0
Sleep,0
Sleep,0
Sleep,0
Sleep,0
Sleep,0
Sleep,0
Sleep,0
Sleep,0
Sleep,0
Sleep,0
Sleep,0
Sleep,0
Sleep,0
Sleep,0
Sleep,0
Sleep,0
Sleep,0
Sleep,0
Sleep,0
Sleep,0
Sleep,0
Sleep,0
Sleep,0
Sleep,0
Sleep,0
Sleep,0
Sleep,0
Sleep,0
Sleep,0
Sleep,0
Sleep,0
Sleep,0
Sleep,0
Sleep,0
Sleep,0
Sleep,0
Sleep,0
Sleep,0
Sleep,0
Sleep,0
Sleep,0
Sleep,0
Sleep,0
Sleep,0
Sleep,0
Sleep,0
Sleep,0
Sleep,0
Sleep,0
Sleep,0
Sleep,0
Sleep,0
Sleep,0
Sleep,0
Sleep,0
Sleep,0
Sleep,0
Sleep,0
Sleep,0
Sleep,0
Sleep,0
Sleep,0
Sleep,0
Sleep,0
Sleep,0
Sleep,0
Sleep,0
Sleep,0
Sleep,0
Sleep,0
Sleep,0
Sleep,0
Sleep,0
Sleep,0
Sleep,0
Sleep,0
Sleep,0
Sleep,0
Sleep,0
Sleep,0
Sleep,0
Sleep,0
Sleep,0
Sleep,0
Sleep,0
Sleep,0
Sleep,0
Sleep,0
Sleep,0
Sleep,0
Sleep,0
Sleep,0
Sleep,0
Sleep,0
Sleep,0
Sleep,0
Sleep,0
Sleep,0
Sleep,0
Sleep,0
Sleep,0
Sleep,0
Sleep,0
Sleep,0
Sleep,0
Sleep,0
Sleep,0
Sleep,0
Sleep,0
Sleep,0
Sleep,0
Sleep,0
Sleep,0
Sleep,0
Sleep,0
Sleep,0
Sleep,0
Sleep,0
Sleep,0
Sleep,0
Sleep,0
Sleep,0
Sleep,0
Sleep,0
Sleep,0
Sleep,0
Sleep,0
Sleep,0
Sleep,0
Sleep,0
Sleep,0
Sleep,0
Sleep,0
Sleep,0
Sleep,0
Sleep,0
Sleep,0
Sleep,0
Sleep,0
Sleep,0
Sleep,0
Sleep,0
Sleep,0
Sleep,0
Sleep,0
Sleep,0
Sleep,0
Sleep,0
Sleep,0
Sleep,0
Sleep,0
Sleep,0
Sleep,0
Sleep,0
Sleep,0
Sleep,0
Sleep,0
Sleep,0
Sleep,0
Sleep,0
Sleep,0
Sleep,0
Sleep,0
Sleep,0
Sleep,0
Sleep,0
Sleep,0
Sleep,0
Sleep,0
Sleep,0
Sleep,0
Sleep,0
Sleep,0
Sleep,0
Sleep,0
Sleep,0
Sleep,0
Sleep,0
Sleep,0
Sleep,0
Sleep,0
Sleep,0
Sleep,0
Sleep,0
Sleep,0
Sleep,0
Sleep,0
Sleep,0
Sleep,0
Sleep,0
Sleep,0
Sleep,0
Sleep,0
Sleep,0
Sleep,0
Sleep,0
Sleep,0
Sleep,0
Sleep,0
Sleep,0
Sleep,0
Sleep,0
Sleep,0
Sleep,0
Sleep,0
Sleep,0
Sleep,0
Wake,250
Wake,250
Wake,250
Wake,250
Wake,250
Wake,250
Wake,250
Wake,250
Wake,250
Wake,250
Wake,250
Wake,250
Wake,250
Wake,250
Wake,250
Wake,250
Wake,250
Wake,250
Wake,250
Wake,250
Wake,250
Wake,250
Wake,250
Wake,250
Wake,250
Wake,250
Wake,250
Wake,250
Wake,250
Wake,250
Wake,250
Wake,250
Wake,250
Wake,250
Wake,250
Wake,250
Wake,250
Wake,250
Wake,250
Wake,250
Wake,250
Wake,250
Wake,250
Wake,250
Wake,250
Wake,250
Wake,250
Wake,250
Wake,250
Wake,250
Wake,250
Wake,250
Wake,250
Wake,250
Wake,250
Wake,250
Wake,250
Wake,250
Wake,250
Wake,250
Wake,250
Wake,250
Wake,250
Wake,250
Wake,250
Wake,250
Wake,250
Wake,250
Wake,250
Wake,250
Wake,250
Wake,250
Wake,250
Wake,250
Wake,250
Wake,250
Wake,250
Wake,250
Wake,250
Wake,250
Wake,250
Wake,250
Wake,250
Wake,250
Wake,250
Wake,250
Wake,250
Wake,250
Wake,250
Wake,250
Wake,250
Wake,250
Wake,250
Wake,250
Wake,250
Wake,250
Wake,250
Wake,250
Wake,250
Wake,250
Wake,250
Wake,250
Wake,250
Wake,250
Wake,250
Wake,250
Wake,250
Wake,250
Wake,250
Wake,250
Wake,250
Wake,250
Wake,250
Wake,250
Wake,250
Wake,250
Wake,250
Wake,250
Wake,250
Wake,250
Wake,250
Wake,250
Wake,250
Wake,250
Wake,250
Wake,250
Wake,250
Wake,250
Wake,250
Wake,250
Wake,250
Wake,250
Wake,250
Wake,250
Wake,250
Wake,250
Wake,250
Wake,250
Wake,250
Wake,250
Wake,250
Wake,250
Wake,250
Wake,250
Wake,250
Wake,250
Wake,250
Wake,250
Wake,250
Wake,250
Wake,250
Wake,250
Wake,250
Wake,250
Wake,250
Wake,250
Wake,250
Wake,250
Wake,250
Wake,250
Wake,250
Wake,250
Wake,250
Wake,250
Wake,250
Wake,250
Wake,250
Wake,250
Wake,250
Wake,250
Wake,250
Wake,250
Wake,250
Wake,250
Wake,250
Wake,250
Wake,250
Wake,250
Wake,250
Wake,250
Wake,250
Wake,250
Wake,250
Wake,250
Wake,250
Wake,250
Wake,250
Wake,250
Wake,250
Wake,250
Wake,250
Wake,250
Wake,250
Wake,250
Wake,250
Wake,250
Wake,250
Wake,250
Wake,250
Wake,250
Wake,250
Wake,250
Wake,250
Wake,250
Wake,250
Wake,250
Wake,250
Wake,250
Wake,250
Wake,250
Wake,250
Wake,250
Wake,250
Wake,250
Wake,250
Wake,250
Wake,250
Wake,250
Wake,250
Wake,250
Wake,250
Wake,250
Wake,250
Wake,250
Wake,250
Wake,250
Wake,250
Wake,250
Wake,250
Wake,250
Wake,250
Wake,250
Wake,250
Wake,250
Wake,250
Wake,250
Wake,250
Wake,250
Wake,250
Wake,250
Wake,250
Wake,250
Sleep,0
Sleep,0
Sleep,0
Sleep,0
Sleep,0
Sleep,0
Sleep,0
Sleep,0
Sleep,0
Sleep,0
Sleep,0
Sleep,0
Sleep,0
Sleep,0
Sleep,0
Sleep,0
Sleep,0
Sleep,0
Sleep,0
Sleep,0
Sleep,0
Sleep,0
Sleep,0
Sleep,0
Sleep,0
Sleep,0
Sleep,0
Sleep,0
Sleep,0
Sleep,0
Sleep,0
Sleep,0
Sleep,0
Sleep,0
Sleep,0
Sleep,0
Sleep,0
Sleep,0
Sleep,0
Sleep,0
Sleep,0
Sleep,0
Sleep,0
Sleep,0
Sleep,0
Sleep,0
Sleep,0
Sleep,0
Sleep,0
Sleep,0
Sleep,0
Sleep,0
Sleep,0
Sleep,0
Sleep,0
Sleep,0
Sleep,0
Sleep,0
Sleep,0
Sleep,0
Sleep,0
Sleep,0
Sleep,0
Sleep,0
Sleep,0
Sleep,0
Sleep,0
Sleep,0
Sleep,0
Sleep,0
Sleep,0
Sleep,0
Sleep,0
Sleep,0
Sleep,0
Sleep,0
Sleep,0
Sleep,0
Sleep,0
Sleep,0
Sleep,0
Sleep,0
Sleep,0
Sleep,0
Sleep,0
Sleep,0
Sleep,0
Sleep,0
Sleep,0
Sleep,0
Sleep,0
Sleep,0
Sleep,0
Sleep,0
Sleep,0
Sleep,0
Sleep,0
Sleep,0
Sleep,0
Sleep,0
Sleep,0
Sleep,0
Sleep,0
Sleep,0
Sleep,0
Sleep,0
Sleep,0
Sleep,0
Sleep,0
Sleep,0
Sleep,0
Sleep,0
Sleep,0
Sleep,0
Sleep,0
Sleep,0
Sleep,0
Sleep,0
Sleep,0
Sleep,0
Sleep,0
Sleep,0
Sleep,0
Sleep,0
Sleep,0
Sleep,0
Sleep,0
Sleep,0
Sleep,0
Sleep,0
Sleep,0
Sleep,0
Sleep,0
Sleep,0
Sleep,0
Sleep,0
Sleep,0
Sleep,0
Sleep,0
Sleep,0
Sleep,0
Sleep,0
Sleep,0
Sleep,0
Sleep,0
Sleep,0
Sleep,0
Sleep,0
Sleep,0
Sleep,0
Sleep,0
Sleep,0
Sleep,0
Sleep,0
Sleep,0
Sleep,0
Sleep,0
Sleep,0
Sleep,0
Sleep,0
Sleep,0
Sleep,0
Sleep,0
Sleep,0
Sleep,0
Sleep,0
Sleep,0
Sleep,0
Sleep,0
Sleep,0
Sleep,0
Sleep,0
Sleep,0
Sleep,0
Sleep,0
Sleep,0
Sleep,0
Sleep,0
Sleep,0
Sleep,0
Sleep,0
Sleep,0
Sleep,0
Sleep,0
Sleep,0
Sleep,0
Sleep,0
Sleep,0
Sleep,0
Sleep,0
Sleep,0
Sleep,0
Sleep,0
Sleep,0
Sleep,0
Sleep,0
Sleep,0
Sleep,0
Sleep,0
Sleep,0
Sleep,0
Sleep,0
Sleep,0
Sleep,0
Sleep,0
Sleep,0
Sleep,0
Sleep,0
Sleep,0
Sleep,0
Sleep,0
Wake,250
Wake,250
Wake,250
Wake,250
Wake,250
Wake,250
Wake,250
Wake,250
Wake,250
Wake,250
Wake,250
Wake,250
Wake,250
Wake,250
Wake,250
Wake,250
Wake,250
Wake,250
Wake,250
Wake,250
Wake,250
Wake,250
Wake,250
Wake,250
Wake,250
Wake,250
Wake,250
Wake,250
Wake,250
Wake,250
Wake,250
Wake,250
Wake,250
Wake,250
Wake,250
Wake,250
Wake,250
Wake,250
Wake,250
Wake,250
Wake,250
Wake,250
Wake,250
Wake,250
Wake,250
Wake,250
Wake,250
Wake,250
Wake,250
Wake,250
Wake,250
Wake,250
Wake,250
Wake,250
Wake,250
Wake,250
Wake,250
Wake,250
Wake,250
Wake,250
Wake,250
Wake,250
Wake,250
Wake,250
Wake,250
Wake,250
Wake,250
Wake,250
Wake,250
Wake,250
Wake,250
Wake,250
Wake,250
Wake,250
Wake,250
Wake,250
Wake,250
Wake,250
Wake,250
Wake,250
Wake,250
Wake,250
Wake,250
Wake,250
Wake,250
Wake,250
Wake,250
Wake,250
Wake,250
Wake,250
Wake,250
Wake,250
Wake,250
Wake,250
Wake,250
Wake,250
Wake,250
Wake,250
Wake,250
Wake,250
Wake,250
Wake,250
Wake,250
Wake,250
Wake,250
Wake,250
Wake,250
Wake,250
Wake,250
Wake,250
Wake,250
Wake,250
Wake,250
Wake,250
Wake,250
Wake,250
Wake,250
Wake,250
Wake,250
Wake,250
Wake,250
Wake,250
Wake,250
Wake,250
Wake,250
Wake,250
Wake,250
Wake,250
Wake,250
Wake,250
Wake,250
Wake,250
Wake,250
Wake,250
Wake,250
Wake,250
Wake,250
Wake,250
Wake,250
Wake,250
Wake,250
Wake,250
Wake,250
Wake,250
Wake,250
Wake,250
Wake,250
Wake,250
Wake,250
Wake,250
Wake,250
Wake,250
Wake,250
Wake,250
Wake,250
Wake,250
Wake,250
Wake,250
Wake,250
Wake,250
Wake,250
Wake,250
Wake,250
Wake,250
Wake,250
Wake,250
Wake,250
Wake,250
Wake,250
Wake,250
Wake,250
Wake,250
Wake,250
Wake,250
Wake,250
Wake,250
Wake,250
Wake,250
Wake,250
Wake,250
Wake,250
Wake,250
Wake,250
Wake,250
Wake,250
Wake,250
Wake,250
Wake,250
Wake,250
Wake,250
Wake,250
Wake,250
Wake,250
Wake,250
Wake,250
Wake,250
Wake,250
Wake,250
Wake,250
Wake,250
Wake,250
Wake,250
Wake,250
Wake,250
Wake,250
Wake,250
Wake,250
Wake,250
Wake,250
Wake,250
Wake,250
Wake,250
Wake,250
Wake,250
Wake,250
Wake,250
Wake,250
Wake,250
Wake,250
Wake,250
Wake,250
Wake,250
Wake,250
Wake,250
Wake,250
Wake,250
Wake,250
Wake,250
Wake,250
Wake,250
Wake,250
Wake,250
Wake,250
Wake,250
Wake,250
Wake,250
Wake,250
Wake,250
Wake,250
Wake,250
Wake,250
Wake,250
Wake,250
Wake,250
Wake,250
Wake,250
Wake,250
Wake,250
Wake,250
Wake,250
Wake,250
Wake,250
Wake,250
Wake,250
Wake,250
Wake,250
Wake,250
Wake,250
Wake,250
Wake,250
Wake,250
Wake,250
Wake,250
Wake,250
Wake,250
Wake,250
Wake,250
Wake,250
Wake,250
Wake,250
Wake,250
Wake,250
Wake,250
Wake,250
Wake,250
Wake,250
Wake,250
Wake,250
Wake,250
Wake,250
Wake,250
Wake,250
Wake,250
Wake,250
Wake,250
Wake,250
Wake,250
Wake,250
Wake,250
Wake,250
Wake,250
Wake,250
Wake,250
Wake,250
Wake,250
Wake,250
Wake,250
Wake,250
Wake,250
Wake,250
Wake,250
Wake,250
Wake,250
Wake,250
Wake,250
Wake,250
Wake,250
Wake,250
Wake,250
Wake,250
Wake,250
Wake,250
Wake,250
Wake,250
Wake,250
Wake,250
Wake,250
Wake,250
Wake,250
Wake,250
Wake,250
Wake,250
Wake,250
Wake,250
Wake,250
Wake,250
Wake,250
Wake,250
Wake,250
Wake,250
Wake,250
Wake,250
Wake,250
Wake,250
Wake,250
Wake,250
Wake,250
Wake,250
Wake,250
Wake,250
Wake,250
Wake,250
Wake,250
Wake,250
Wake,250
Wake,250
Wake,250
Wake,250
Wake,250
Wake,250
Wake,250
Wake,250
Wake,250
Wake,250
Wake,250
Wake,250
Wake,250
Wake,250
Wake,250
Wake,250
Wake,250
Wake,250
Wake,250
Wake,250
Wake,250
Wake,250
Wake,250
Wake,250
Wake,250
Wake,250
Wake,250
Wake,250
Wake,250
Wake,250
Wake,250
Wake,250
Wake,250
Wake,250
Wake,250
Wake,250
Wake,250
Wake,250
Wake,250
Wake,250
Wake,250
Wake,250
Wake,250
Wake,250
Wake,250
Wake,250
Wake,250
Wake,250
Wake,250
Wake,250
Wake,250
Wake,250
Wake,250
Wake,250
Wake,250
Wake,250
Wake,250
Wake,250
Wake,250
Wake,250
Wake,250
Wake,250
Wake,250
Wake,250
Wake,250
Wake,250
Wake,250
Wake,250
Wake,250
Wake,250
Wake,250
Wake,250
Wake,250
Wake,250
Wake,250
Wake,250
Wake,250
Wake,250
Wake,250
Wake,250
Wake,250
Wake,250
Wake,250
Wake,250
Wake,250
Wake,250
Wake,250
Wake,250
Wake,250
Wake,250
Wake,250
Wake,250
Wake,250
Wake,250
Wake,250
Wake,250
Wake,250
Wake,250
Wake,250
Wake,250
Wake,250
Wake,250
Wake,250
Wake,250
Wake,250
Wake,250
Wake,250
Wake,250
Wake,250
Wake,250
Wake,250
Wake,250
Wake,250
Wake,250
Wake,250
Wake,250
Wake,250
Wake,250
Wake,250
Wake,250
Wake,250
Wake,250
Wake,250
Wake,250
Wake,250
Wake,250
Wake,250
Wake,250
Wake,250
Wake,250
Wake,250
Wake,250
Wake,250
Wake,250
Wake,250
Wake,250
Wake,250
Wake,250
Wake,250
Wake,250
Wake,250
Wake,250
Wake,250
Wake,250
Wake,250
Wake,250
Wake,250
Wake,250
Wake,250
Wake,250
Wake,250
Wake,250
Wake,250
Wake,250
Wake,250
Wake,250
Wake,250
Wake,250
Wake,250
Wake,250
Wake,250
Wake,250
Wake,250
Wake,250
Wake,250
Wake,250
Wake,250
Wake,250
Wake,250
Wake,250
Wake,250
Wake,250
Wake,250
Wake,250
Wake,250
Wake,250
Wake,250
Wake,250
Wake,250
Wake,250
Wake,250
Wake,250
Wake,250
Wake,250
Wake,250
Wake,250
Wake,250
Wake,250
Wake,250
Wake,250
Wake,250
Wake,250
